País,Ano,PIB (US$),População,Lixo Orgânico (Ton),Lixo Papel (Ton),Lixo Metal (Ton),Lixo Plástico (Ton),Lixo Vidro (Ton),Lixo Madeira (Ton),Lixo Borracha (Ton),Lixo Entulho (Ton),Lixo Médico (Ton),Outros Lixos (Ton),Total Lixo (Ton),Lixo Reciclado (Ton)
Brasil,2014,2416000000000,202600000,18100000,7400000,2900000,4400000,1650000,800000,300000,2500000,400000,100000,79700000,32000000
Brasil,2015,2418000000000,204500000,18500000,7600000,2950000,4500000,1700000,850000,320000,2600000,450000,110000,81300000,33000000
Brasil,2016,2384000000000,206100000,19000000,7800000,3000000,4600000,1750000,900000,350000,2700000,500000,120000,83000000,34000000
Brasil,2017,2056000000000,207660000,20000000,8000000,3100000,4800000,1800000,950000,370000,2800000,550000,130000,85000000,35000000
Brasil,2018,2064000000000,209300000,21000000,8200000,3200000,4900000,1850000,1000000,400000,2900000,600000,140000,87000000,36000000
Brasil,2019,2130000000000,210100000,22000000,8400000,3300000,5000000,1900000,1050000,420000,3000000,650000,150000,89000000,37000000
Brasil,2020,2143000000000,211000000,23000000,8600000,3400000,5100000,1950000,1100000,450000,3100000,700000,160000,91000000,38000000
Brasil,2021,2204000000000,212600000,24000000,8800000,3500000,5200000,2000000,1150000,480000,3200000,750000,170000,93000000,39000000
Brasil,2022,2375000000000,214000000,25000000,9000000,3600000,5300000,2050000,1200000,500000,3300000,800000,180000,95000000,40000000
Brasil,2023,2510000000000,215000000,26000000,9200000,3700000,5400000,2100000,1250000,530000,3400000,850000,190000,97000000,41000000
Brasil,2024,2650000000000,216000000,27000000,9400000,3800000,5500000,2150000,1300000,560000,3500000,900000,200000,99000000,42000000
Estados Unidos,2014,17430000000000,318900000,34150000,22400000,9500000,14900000,7100000,3200000,1600000,12000000,3500000,7500000,262250000,91000000
Estados Unidos,2015,18220000000000,320900000,35000000,23000000,9600000,15300000,7200000,3300000,1650000,12500000,3600000,7600000,268500000,92500000
Estados Unidos,2016,18710000000000,323000000,36000000,23500000,9700000,15700000,7300000,3400000,1700000,13000000,3700000,7700000,275500000,94000000
Estados Unidos,2017,19490000000000,325100000,37000000,24000000,9800000,16100000,7400000,3500000,1750000,13500000,3800000,7800000,283000000,95500000
Estados Unidos,2018,20590000000000,327200000,38000000,24500000,9900000,16500000,7500000,3600000,1800000,14000000,3900000,7900000,290500000,97000000
Estados Unidos,2019,21430000000000,329500000,39000000,25000000,10000000,16900000,7600000,3700000,1850000,14500000,4000000,8000000,298000000,98500000
Estados Unidos,2020,21140000000000,331500000,40000000,25500000,10100000,17300000,7700000,3800000,1900000,15000000,4100000,8100000,305500000,100000000
Estados Unidos,2021,22940000000000,332500000,41000000,26000000,10200000,17700000,7800000,3900000,1950000,15500000,4200000,8200000,313000000,101500000
Estados Unidos,2022,25350000000000,334000000,42000000,26500000,10300000,18100000,7900000,4000000,2000000,16000000,4300000,8300000,320500000,103000000
Estados Unidos,2023,26800000000000,335500000,43000000,27000000,10400000,18500000,8000000,4100000,2050000,16500000,4400000,8400000,328000000,104500000
Estados Unidos,2024,28000000000000,337000000,44000000,27500000,10500000,18900000,8100000,4200000,2100000,17000000,4500000,8500000,335500000,106000000
Japão,2014,4850000000000,127130000,9000000,6500000,2500000,4000000,3000000,2000000,1500000,3500000,2500000,500000,36000000,18200000
Japão,2015,4980000000000,127141000,9200000,6700000,2600000,4100000,3100000,2100000,1550000,3600000,2600000,550000,37000000,18600000
Japão,2016,5030000000000,127151000,9500000,6900000,2700000,4200000,3200000,2200000,1600000,3700000,2700000,600000,38000000,19000000
Japão,2017,4850000000000,126785000,9700000,7000000,2750000,4300000,3250000,2300000,1650000,3800000,2800000,650000,39000000,19400000
Japão,2018,4970000000000,126443000,9800000,7100000,2800000,4400000,3300000,2400000,1700000,3900000,2900000,700000,40000000,19800000
Japão,2019,5100000000000,126010000,10000000,7200000,2850000,4500000,3350000,2500000,1750000,4000000,3000000,750000,41000000,20200000
Japão,2020,5150000000000,125507000,10200000,7300000,2900000,4600000,3400000,2600000,1800000,4100000,3100000,800000,42000000,20600000
Japão,2021,4970000000000,125101000,10300000,7400000,2950000,4700000,3450000,2700000,1850000,4200000,3200000,850000,43000000,21000000
Japão,2022,4120000000000,124952000,10400000,7500000,3000000,4800000,3500000,2800000,1900000,4300000,3300000,900000,44000000,21400000
Japão,2023,4500000000000,124500000,10500000,7600000,3050000,4900000,3550000,2900000,1950000,4400000,3400000,950000,45000000,21800000
Japão,2024,4600000000000,124000000,10600000,7700000,3100000,5000000,3600000,3000000,2000000,4500000,3500000,1000000,46000000,22200000
China,2014,10480000000000,1364270000,110000000,56000000,22000000,37000000,15000000,8000000,5000000,65000000,9000000,35000000,383000000,170000000
China,2015,11140000000000,1368960000,115000000,58000000,22500000,38000000,15500000,8500000,5200000,67000000,9500000,36000000,394500000,176000000
China,2016,11220000000000,1374630000,120000000,60000000,23000000,39000000,16000000,9000000,5400000,69000000,10000000,37000000,406000000,182000000
China,2017,12140000000000,1378665000,125000000,62000000,24000000,41000000,16500000,9500000,5600000,71000000,10500000,38000000,417500000,188000000
China,2018,13610000000000,1382710000,130000000,64000000,25000000,43000000,17000000,10000000,5800000,73000000,11000000,39000000,429000000,194000000
China,2019,14110000000000,1390050000,135000000,66000000,26000000,45000000,17500000,10500000,6000000,75000000,11500000,40000000,440500000,200000000
China,2020,14720000000000,1397710000,140000000,68000000,27000000,47000000,18000000,11000000,6200000,77000000,12000000,41000000,452000000,206000000
China,2021,17730000000000,1402110000,145000000,70000000,28000000,49000000,18500000,11500000,6400000,79000000,12500000,42000000,463500000,212000000
China,2022,18700000000000,1406750000,150000000,72000000,29000000,51000000,19000000,12000000,6600000,81000000,13000000,43000000,475000000,218000000
China,2023,19150000000000,1410000000,155000000,74000000,30000000,53000000,19500000,12500000,6800000,83000000,13500000,44000000,486500000,224000000
China,2024,19700000000000,1413000000,160000000,76000000,31000000,55000000,20000000,13000000,7000000,85000000,14000000,45000000,498000000,230000000
Rússia,2014,2050000000000,143820000,15000000,7500000,3200000,4500000,3000000,1500000,800000,9000000,2000000,5000000,65000000,21000000
Rússia,2015,1360000000000,146267288,15500000,7700000,3300000,4600000,3100000,1600000,850000,9200000,2100000,5100000,67000000,22000000
Rússia,2016,1280000000000,146544710,16000000,7900000,3400000,4700000,3200000,1700000,900000,9400000,2200000,5200000,69000000,23000000
Rússia,2017,1570000000000,146804372,16500000,8100000,3500000,4800000,3300000,1800000,950000,9600000,2300000,5300000,71000000,24000000
Rússia,2018,1650000000000,146880432,17000000,8300000,3600000,4900000,3400000,1900000,1000000,9800000,2400000,5400000,73000000,25000000
Rússia,2019,1690000000000,146749000,17500000,8500000,3700000,5000000,3500000,2000000,1050000,10000000,2500000,5500000,75000000,26000000
Rússia,2020,1480000000000,146238185,18000000,8700000,3800000,5100000,3600000,2100000,1100000,10200000,2600000,5600000,77000000,27000000
Rússia,2021,1650000000000,145912025,18500000,8900000,3900000,5200000,3700000,2200000,1150000,10400000,2700000,5700000,79000000,28000000
Rússia,2022,2070000000000,145500000,19000000,9100000,4000000,5300000,3800000,2300000,1200000,10600000,2800000,5800000,81000000,29000000
Rússia,2023,2200000000000,145100000,19500000,9300000,4100000,5400000,3900000,2400000,1250000,10800000,2900000,5900000,83000000,30000000
Rússia,2024,2350000000000,144700000,20000000,9500000,4200000,5500000,4000000,2500000,1300000,11000000,3000000,6000000,85000000,31000000
Alemanha,2014,3896000000000,81100000,11500000,8500000,3800000,5000000,2500000,1500000,1000000,40000000,1500000,8000000,93000000,64000000
Alemanha,2015,3376000000000,81750000,11600000,8600000,3850000,5100000,2550000,1550000,1050000,41000000,1600000,8100000,94000000,65000000
Alemanha,2016,3469000000000,82350000,11700000,8700000,3900000,5200000,2600000,1600000,1100000,42000000,1700000,8200000,95000000,66000000
Alemanha,2017,3694000000000,82670000,11800000,8800000,3950000,5300000,2650000,1650000,1150000,43000000,1800000,8300000,96000000,67000000
Alemanha,2018,3948000000000,82930000,11900000,8900000,4000000,5400000,2700000,1700000,1200000,44000000,1900000,8400000,97000000,68000000
Alemanha,2019,3861000000000,83150000,12000000,9000000,4050000,5500000,2750000,1750000,1250000,45000000,2000000,8500000,98000000,69000000
Alemanha,2020,3803000000000,83120000,12100000,9100000,4100000,5600000,2800000,1800000,1300000,46000000,2100000,8600000,99000000,70000000
Alemanha,2021,4223000000000,83100000,12200000,9200000,4150000,5700000,2850000,1850000,1350000,47000000,2200000,8700000,100000000,71000000
Alemanha,2022,4358000000000,83050000,12300000,9300000,4200000,5800000,2900000,1900000,1400000,48000000,2300000,8800000,101000000,72000000
Alemanha,2023,4500000000000,83000000,12400000,9400000,4250000,5900000,2950000,1950000,1450000,49000000,2400000,8900000,102000000,73000000
Alemanha,2024,4700000000000,82950000,12500000,9500000,4300000,6000000,3000000,2000000,1500000,50000000,2500000,9000000,103000000,74000000
Canadá,2014,1824000000000,35500000,5000000,4000000,1500000,2500000,2000000,1200000,700000,8000000,1000000,5000000,24500000,12000000
Canadá,2015,1832000000000,35700000,5200000,4100000,1550000,2600000,2050000,1250000,750000,8200000,1100000,5100000,24900000,12500000
Canadá,2016,1945000000000,35900000,5400000,4200000,1600000,2700000,2100000,1300000,800000,8400000,1200000,5200000,25300000,13000000
Canadá,2017,2058000000000,36100000,5600000,4300000,1650000,2800000,2150000,1350000,850000,8600000,1300000,5300000,25700000,13500000
Canadá,2018,2188000000000,36400000,5800000,4400000,1700000,2900000,2200000,1400000,900000,8800000,1400000,5400000,26100000,14000000
Canadá,2019,2308000000000,36700000,6000000,4500000,1750000,3000000,2250000,1450000,950000,9000000,1500000,5500000,26500000,14500000
Canadá,2020,1990000000000,37000000,6200000,4600000,1800000,3100000,2300000,1500000,1000000,9200000,1600000,5600000,26900000,15000000
Canadá,2021,2110000000000,37400000,6400000,4700000,1850000,3200000,2350000,1550000,1050000,9400000,1700000,5700000,27300000,15500000
Canadá,2022,2440000000000,37500000,6600000,4800000,1900000,3300000,2400000,1600000,1100000,9600000,1800000,5800000,27700000,16000000
Canadá,2023,2500000000000,37600000,6800000,4900000,1950000,3400000,2450000,1650000,1150000,9800000,1900000,5900000,28100000,16500000
Canadá,2024,2580000000000,37700000,7000000,5000000,2000000,3500000,2500000,1700000,1200000,10000000,2000000,6000000,28500000,17000000
México,2014,1269000000000,119000000,12000000,6000000,2000000,3000000,1500000,1000000,500000,30000000,1200000,6000000,45000000,15000000
México,2015,1300000000000,120000000,12500000,6100000,2050000,3100000,1550000,1050000,550000,30500000,1300000,6100000,46000000,15500000
México,2016,1208000000000,121000000,13000000,6200000,2100000,3200000,1600000,1100000,600000,31000000,1400000,6200000,47000000,16000000
México,2017,1246000000000,122000000,13500000,6300000,2150000,3300000,1650000,1150000,650000,31500000,1500000,6300000,48000000,16500000
México,2018,1267000000000,123000000,14000000,6400000,2200000,3400000,1700000,1200000,700000,32000000,1600000,6400000,49000000,17000000
México,2019,1269000000000,124000000,14500000,6500000,2250000,3500000,1750000,1250000,750000,32500000,1700000,6500000,50000000,17500000
México,2020,1020000000000,126000000,15000000,6600000,2300000,3600000,1800000,1300000,800000,33000000,1800000,6600000,51000000,18000000
México,2021,1100000000000,128000000,15500000,6700000,2350000,3700000,1850000,1350000,850000,33500000,1900000,6700000,52000000,18500000
México,2022,1250000000000,129000000,16000000,6800000,2400000,3800000,1900000,1400000,900000,34000000,2000000,6800000,53000000,19000000
México,2023,1300000000000,130000000,16500000,6900000,2450000,3900000,1950000,1450000,950000,34500000,2100000,6900000,54000000,19500000
México,2024,1350000000000,131000000,17000000,7000000,2500000,4000000,2000000,1500000,1000000,35000000,2200000,7000000,55000000,20000000
Argentina,2014,583000000000,44000000,10000000,3000000,1200000,2000000,1000000,500000,400000,20000000,900000,3000000,50000000,12000000
Argentina,2015,585000000000,44200000,10500000,3100000,1250000,2100000,1100000,600000,450000,20500000,1000000,3100000,51000000,12500000
Argentina,2016,549000000000,44300000,11000000,3200000,1300000,2200000,1200000,700000,500000,21000000,1100000,3200000,52000000,13000000
Argentina,2017,607000000000,44400000,11500000,3300000,1350000,2300000,1300000,800000,550000,21500000,1200000,3300000,53000000,13500000
Argentina,2018,604000000000,44500000,12000000,3400000,1400000,2400000,1400000,900000,600000,22000000,1300000,3400000,54000000,14000000
Argentina,2019,450000000000,44600000,12500000,3500000,1450000,2500000,1500000,1000000,650000,22500000,1400000,3500000,55000000,14500000
Argentina,2020,380000000000,44700000,13000000,3600000,1500000,2600000,1600000,1100000,700000,23000000,1500000,3600000,56000000,15000000
Argentina,2021,390000000000,44800000,13500000,3700000,1550000,2700000,1700000,1200000,750000,23500000,1600000,3700000,57000000,15500000
Argentina,2022,470000000000,44900000,14000000,3800000,1600000,2800000,1800000,1300000,800000,24000000,1700000,3800000,58000000,16000000
Argentina,2023,490000000000,45000000,14500000,3900000,1650000,2900000,1900000,1400000,850000,24500000,1800000,3900000,59000000,16500000
Argentina,2024,510000000000,45100000,15000000,4000000,1700000,3000000,2000000,1500000,900000,25000000,1900000,4000000,60000000,17000000
África do Sul,2014,350000000000,54000000,8000000,3500000,1500000,3000000,1200000,800000,500000,10000000,600000,3000000,50000000,15000000
África do Sul,2015,320000000000,54500000,8200000,3600000,1550000,3100000,1250000,850000,550000,10200000,650000,3100000,51000000,15500000
África do Sul,2016,315000000000,55000000,8400000,3700000,1600000,3200000,1300000,900000,600000,10400000,700000,3200000,52000000,16000000
África do Sul,2017,350000000000,55400000,8600000,3800000,1650000,3300000,1350000,950000,650000,10600000,750000,3300000,53000000,16500000
África do Sul,2018,366000000000,56000000,8800000,3900000,1700000,3400000,1400000,1000000,700000,10800000,800000,3400000,54000000,17000000
África do Sul,2019,351000000000,56500000,9000000,4000000,1750000,3500000,1450000,1050000,750000,11000000,850000,3500000,55000000,17500000
África do Sul,2020,283000000000,57000000,9200000,4100000,1800000,3600000,1500000,1100000,800000,11200000,900000,3600000,56000000,18000000
África do Sul,2021,299000000000,57500000,9400000,4200000,1850000,3700000,1550000,1150000,850000,11400000,950000,3700000,57000000,18500000
África do Sul,2022,355000000000,58000000,9600000,4300000,1900000,3800000,1600000,1200000,900000,11600000,1000000,3800000,58000000,19000000
África do Sul,2023,370000000000,58500000,9800000,4400000,1950000,3900000,1650000,1250000,950000,11800000,1050000,3900000,59000000,19500000
África do Sul,2024,385000000000,59000000,10000000,4500000,2000000,4000000,1700000,1300000,1000000,12000000,1100000,4000000,60000000,20000000
Austrália,2014,1499000000000,23200000,7000000,3200000,1200000,2500000,1300000,600000,400000,12000000,800000,2000000,42000000,15000000
Austrália,2015,1520000000000,23400000,7200000,3300000,1250000,2600000,1350000,650000,450000,12200000,850000,2100000,43000000,15500000
Austrália,2016,1490000000000,23600000,7400000,3400000,1300000,2700000,1400000,700000,500000,12400000,900000,2200000,44000000,16000000
Austrália,2017,1400000000000,23800000,7600000,3500000,1350000,2800000,1450000,750000,550000,12600000,950000,2300000,45000000,16500000
Austrália,2018,1430000000000,24000000,7800000,3600000,1400000,2900000,1500000,800000,600000,12800000,1000000,2400000,46000000,17000000
Austrália,2019,1390000000000,24200000,8000000,3700000,1450000,3000000,1550000,850000,650000,13000000,1050000,2500000,47000000,17500000
Austrália,2020,1320000000000,24400000,8200000,3800000,1500000,3100000,1600000,900000,700000,13200000,1100000,2600000,48000000,18000000
Austrália,2021,1430000000000,24600000,8400000,3900000,1550000,3200000,1650000,950000,750000,13400000,1150000,2700000,49000000,18500000
Austrália,2022,1560000000000,24800000,8600000,4000000,1600000,3300000,1700000,1000000,800000,13600000,1200000,2800000,50000000,19000000
Austrália,2023,1650000000000,25000000,8800000,4100000,1650000,3400000,1750000,1050000,850000,13800000,1250000,2900000,51000000,19500000
Austrália,2024,1730000000000,25200000,9000000,4200000,1700000,3500000,1800000,1100000,900000,14000000,1300000,3000000,52000000,20000000
França,2014,2840000000000,66900000,10000000,5000000,1500000,3000000,2000000,1200000,800000,15000000,600000,5000000,50000000,14000000
França,2015,2780000000000,67000000,10500000,5100000,1550000,3100000,2050000,1250000,850000,15200000,620000,5100000,51000000,14500000
França,2016,2650000000000,67200000,11000000,5200000,1600000,3200000,2100000,1300000,900000,15400000,640000,5200000,52000000,15000000
França,2017,2780000000000,67300000,11500000,5300000,1650000,3300000,2150000,1350000,950000,15600000,660000,5300000,53000000,15500000
França,2018,2820000000000,67400000,12000000,5400000,1700000,3400000,2200000,1400000,1000000,15800000,680000,5400000,54000000,16000000
França,2019,2700000000000,67500000,12500000,5500000,1750000,3500000,2250000,1450000,1050000,16000000,700000,5500000,55000000,16500000
França,2020,2630000000000,67600000,13000000,5600000,1800000,3600000,2300000,1500000,1100000,16200000,720000,5600000,56000000,17000000
França,2021,2800000000000,67700000,13500000,5700000,1850000,3700000,2350000,1550000,1150000,16400000,740000,5700000,57000000,17500000
França,2022,2900000000000,67800000,14000000,5800000,1900000,3800000,2400000,1600000,1200000,16600000,760000,5800000,58000000,18000000
França,2023,2950000000000,67900000,14500000,5900000,1950000,3900000,2450000,1650000,1250000,16800000,780000,5900000,59000000,18500000
França,2024,3000000000000,68000000,15000000,6000000,2000000,4000000,2500000,1700000,1300000,17000000,800000,6000000,60000000,19000000
Inglaterra,2014,2740000000000,54000000,12000000,6000000,2500000,4000000,1500000,900000,600000,8000000,300000,4000000,60000000,15000000
Inglaterra,2015,2800000000000,54200000,12500000,6200000,2550000,4100000,1550000,950000,950000,8200000,310000,4100000,61000000,15500000
Inglaterra,2016,2740000000000,54400000,13000000,6400000,2600000,4200000,1600000,1000000,1000000,8400000,320000,4200000,62000000,16000000
Inglaterra,2017,2950000000000,54600000,13500000,6500000,2650000,4300000,1650000,1050000,1050000,8600000,330000,4300000,63000000,16500000
Inglaterra,2018,3200000000000,54800000,14000000,6700000,2700000,4400000,1700000,1100000,1100000,8800000,340000,4400000,64000000,17000000
Inglaterra,2019,3100000000000,55000000,14500000,6800000,2750000,4500000,1750000,1150000,1150000,9000000,350000,4500000,65000000,17500000
Inglaterra,2020,2900000000000,55200000,15000000,7000000,2800000,4600000,1800000,1200000,1200000,9200000,360000,4600000,66000000,18000000
Inglaterra,2021,2950000000000,55400000,15500000,7200000,2850000,4700000,1850000,1250000,1250000,9400000,370000,4700000,67000000,18500000
Inglaterra,2022,3050000000000,55600000,16000000,7400000,2900000,4800000,1900000,1300000,1300000,9600000,380000,4800000,68000000,19000000
Inglaterra,2023,3150000000000,55800000,16500000,7600000,2950000,4900000,1950000,1350000,1350000,9800000,390000,4900000,69000000,19500000
Inglaterra,2024,3250000000000,56000000,17000000,7800000,3000000,5000000,2000000,1400000,1400000,10000000,400000,5000000,70000000,20000000
Índia,2014,2039000000000.0,1286000000,32000000,9000000,1800000,6000000,2000000,800000,600000,10000000,2500000,7000000,71700000,19000000
Índia,2015,2104000000000.0,1308000000,33000000,9300000,1850000,6300000,2100000,850000,620000,10500000,2600000,7100000,73370000,19500000
Índia,2016,2264000000000.0,1331000000,34500000,9600000,1900000,6600000,2200000,900000,650000,11000000,2700000,7300000,75650000,20000000
Índia,2017,2651000000000.0,1353000000,36000000,10000000,2000000,7000000,2300000,950000,700000,11500000,2800000,7500000,78250000,20800000
Índia,2018,2869000000000.0,1375000000,37500000,10400000,2100000,7400000,2400000,1000000,750000,12000000,3000000,7700000,81250000,21500000
Índia,2019,2866000000000.0,1397000000,39000000,10800000,2200000,7800000,2500000,1050000,800000,12500000,3100000,7900000,84150000,22200000
Índia,2020,2660000000000.0,1417000000,40500000,11200000,2300000,8200000,2600000,1100000,850000,13000000,3200000,8100000,87050000,22900000
Índia,2021,3173000000000.0,1435000000,42000000,11600000,2400000,8600000,2700000,1150000,900000,13500000,3300000,8300000,90050000,23600000
Índia,2022,3386000000000.0,1453000000,43500000,12000000,2500000,9000000,2800000,1200000,950000,14000000,3400000,8500000,93050000,24300000
Índia,2023,3731000000000.0,1471000000,45000000,12500000,2600000,9500000,2900000,1250000,1000000,14500000,3500000,8700000,96150000,25000000
Índia,2024,4000000000000.0,1489000000,46500000,13000000,2700000,10000000,3000000,1300000,1050000,15000000,3600000,8900000,99350000,25700000
Indonésia,2014,890000000000,250000000,12000000,6000000,2200000,3600000,1200000,500000,200000,1800000,300000,80000,44200000,17000000
Indonésia,2015,933000000000,255000000,12500000,6200000,2300000,3700000,1250000,520000,220000,1900000,350000,85000,45700000,18000000
Indonésia,2016,950000000000,260000000,13000000,6400000,2400000,3800000,1300000,540000,240000,2000000,400000,90000,47300000,19000000
Indonésia,2017,1010000000000,265000000,13500000,6600000,2500000,3900000,1350000,560000,260000,2100000,450000,95000,48900000,20000000
Indonésia,2018,1050000000000,270000000,14000000,6800000,2600000,4000000,1400000,580000,280000,2200000,500000,100000,50600000,21000000
Indonésia,2019,1100000000000,275000000,14500000,7000000,2700000,4100000,1450000,600000,300000,2300000,550000,105000,52300000,22000000
Indonésia,2020,1120000000000,278000000,15000000,7200000,2800000,4200000,1500000,620000,320000,2400000,600000,110000,54000000,23000000
Indonésia,2021,1150000000000,282000000,15500000,7400000,2900000,4300000,1550000,640000,340000,2500000,650000,115000,55800000,24000000
Indonésia,2022,1200000000000,285000000,16000000,7600000,3000000,4400000,1600000,660000,360000,2600000,700000,120000,57600000,25000000
Indonésia,2023,1250000000000,288000000,16500000,7800000,3100000,4500000,1650000,680000,380000,2700000,750000,125000,59500000,26000000
Indonésia,2024,1300000000000,291000000,17000000,8000000,3200000,4600000,1700000,700000,400000,2800000,800000,130000,61400000,27000000
Coreia do Sul,2014,1418000000000,50500000,6200000,3500000,1500000,2500000,900000,400000,200000,1800000,500000,90000,19150000,8500000
Coreia do Sul,2015,1460000000000,50700000,6400000,3600000,1550000,2600000,950000,420000,210000,1850000,550000,95000,19600000,8800000
Coreia do Sul,2016,1500000000000,50900000,6600000,3700000,1600000,2700000,1000000,440000,220000,1900000,600000,100000,20050000,9100000
Coreia do Sul,2017,1530000000000,51100000,6800000,3800000,1650000,2800000,1050000,460000,230000,1950000,650000,105000,20550000,9400000
Coreia do Sul,2018,1610000000000,51300000,7000000,3900000,1700000,2900000,1100000,480000,240000,2000000,700000,110000,21100000,9700000
Coreia do Sul,2019,1640000000000,51500000,7200000,4000000,1750000,3000000,1150000,500000,250000,2050000,750000,115000,21650000,10000000
Coreia do Sul,2020,1630000000000,51700000,7400000,4100000,1800000,3100000,1200000,520000,260000,2100000,800000,120000,22200000,10300000
Coreia do Sul,2021,1800000000000,51900000,7600000,4200000,1850000,3200000,1250000,540000,270000,2150000,850000,125000,22750000,10600000
Coreia do Sul,2022,1900000000000,52000000,7800000,4300000,1900000,3300000,1300000,560000,280000,2200000,900000,130000,23300000,10900000
Coreia do Sul,2023,1960000000000,52200000,8000000,4400000,1950000,3400000,1350000,580000,290000,2250000,950000,135000,23850000,11200000
Coreia do Sul,2024,2030000000000,52300000,8200000,4500000,2000000,3500000,1400000,600000,300000,2300000,1000000,140000,24400000,11500000
Áustria,2014,436000000000,8500000,2400000,1400000,600000,800000,400000,150000,90000,650000,180000,60000,7970000,4800000
Áustria,2015,386000000000,8600000,2450000,1450000,620000,820000,420000,160000,95000,670000,190000,65000,8150000,4900000
Áustria,2016,387000000000,8700000,2500000,1500000,640000,840000,440000,170000,100000,690000,200000,70000,8330000,5000000
Áustria,2017,416000000000,8800000,2550000,1550000,660000,860000,460000,180000,105000,710000,210000,75000,8510000,5100000
Áustria,2018,457000000000,8850000,2600000,1600000,680000,880000,480000,190000,110000,730000,220000,80000,8690000,5200000
Áustria,2019,460000000000,8900000,2650000,1650000,700000,900000,500000,200000,115000,750000,230000,85000,8870000,5300000
Áustria,2020,434000000000,8950000,2700000,1700000,720000,920000,520000,210000,120000,770000,240000,90000,9050000,5400000
Áustria,2021,480000000000,8970000,2750000,1750000,740000,940000,540000,220000,125000,790000,250000,95000,9230000,5500000
Áustria,2022,513000000000,8980000,2800000,1800000,760000,960000,560000,230000,130000,810000,260000,100000,9410000,5600000
Áustria,2023,530000000000,8990000,2850000,1850000,780000,980000,580000,240000,135000,830000,270000,105000,9590000,5700000
Áustria,2024,550000000000,9000000,2900000,1900000,800000,1000000,600000,250000,140000,850000,280000,110000,9770000,5800000
Eslovênia,2014,49300000000,2060000,600000,320000,130000,200000,80000,40000,20000,180000,40000,20000,1780000,900000
Eslovênia,2015,48200000000,2070000,620000,330000,135000,210000,85000,42000,21000,185000,42000,22000,1820000,920000
Eslovênia,2016,48300000000,2080000,640000,340000,140000,220000,90000,44000,22000,190000,44000,24000,1860000,940000
Eslovênia,2017,51000000000,2090000,660000,350000,145000,230000,95000,46000,23000,195000,46000,26000,1900000,960000
Eslovênia,2018,54400000000,2100000,680000,360000,150000,240000,100000,480000,24000,200000,48000,28000,1940000,980000
Eslovênia,2019,55200000000,2100000,700000,370000,155000,250000,105000,50000,25000,205000,50000,30000,1980000,1000000
Eslovênia,2020,53100000000,2105000,720000,380000,160000,260000,110000,52000,26000,210000,52000,32000,2020000,1020000
Eslovênia,2021,61200000000,2110000,740000,390000,165000,270000,115000,54000,27000,215000,54000,34000,2060000,1040000
Eslovênia,2022,66900000000,2112000,760000,400000,170000,280000,120000,56000,28000,220000,56000,36000,2100000,1060000
Eslovênia,2023,69500000000,2115000,780000,410000,175000,290000,125000,58000,29000,225000,58000,38000,2140000,1080000
Eslovênia,2024,72000000000,2120000,800000,420000,180000,300000,130000,60000,30000,230000,60000,40000,2180000,1100000
Bélgica,2014,529000000000,11200000,3200000,1600000,700000,1100000,500000,200000,120000,1000000,300000,90000,11000000,6000000
Bélgica,2015,454000000000,11250000,3300000,1650000,720000,1150000,520000,210000,125000,1050000,320000,95000,11200000,6200000
Bélgica,2016,468000000000,11300000,3400000,1700000,740000,1200000,540000,220000,130000,1100000,340000,100000,11400000,6400000
Bélgica,2017,494000000000,11350000,3500000,1750000,760000,1250000,560000,230000,135000,1150000,360000,105000,11600000,6600000
Bélgica,2018,542000000000,11400000,3600000,1800000,780000,1300000,580000,240000,140000,1200000,380000,110000,11800000,6800000
Bélgica,2019,550000000000,11450000,3700000,1850000,800000,1350000,600000,250000,145000,1250000,400000,115000,12000000,7000000
Bélgica,2020,524000000000,11500000,3800000,1900000,820000,1400000,620000,260000,150000,1300000,420000,120000,12200000,7200000
Bélgica,2021,613000000000,11550000,3900000,1950000,840000,1450000,640000,270000,155000,1350000,440000,125000,12400000,7400000
Bélgica,2022,662000000000,11600000,4000000,2000000,860000,1500000,660000,280000,160000,1400000,460000,130000,12600000,7600000
Bélgica,2023,700000000000,11650000,4100000,2050000,880000,1550000,680000,290000,165000,1450000,480000,135000,12800000,7800000
Bélgica,2024,735000000000,11700000,4200000,2100000,900000,1600000,700000,300000,170000,1500000,500000,140000,13000000,8000000
Cingapura,2014,307000000000,5460000,800000,450000,200000,700000,350000,180000,90000,500000,120000,40000,3430000,2200000
Cingapura,2015,311000000000,5530000,820000,460000,210000,720000,360000,190000,95000,520000,130000,45000,3510000,2250000
Cingapura,2016,318000000000,5610000,840000,470000,220000,740000,370000,200000,100000,540000,140000,50000,3590000,2300000
Cingapura,2017,341000000000,5640000,860000,480000,230000,760000,380000,210000,105000,560000,150000,55000,3670000,2350000
Cingapura,2018,373000000000,5680000,880000,490000,240000,780000,390000,220000,110000,580000,160000,60000,3750000,2400000
Cingapura,2019,391000000000,5710000,900000,500000,250000,800000,400000,230000,115000,600000,170000,65000,3830000,2450000
Cingapura,2020,384000000000,5730000,920000,510000,260000,820000,410000,240000,120000,620000,180000,70000,3910000,2500000
Cingapura,2021,423000000000,5750000,940000,520000,270000,840000,420000,250000,125000,640000,190000,75000,3990000,2550000
Cingapura,2022,466000000000,5780000,960000,530000,280000,860000,430000,260000,130000,660000,200000,80000,4070000,2600000
Cingapura,2023,500000000000,5800000,980000,540000,290000,880000,440000,270000,135000,680000,210000,85000,4150000,2650000
Cingapura,2024,520000000000,5820000,1000000,550000,300000,900000,450000,280000,140000,700000,220000,90000,4230000,2700000
Suíça,2014,701000000000,8150000,1600000,800000,350000,450000,220000,100000,50000,400000,140000,60000,4480000,3100000
Suíça,2015,674000000000,8180000,1650000,820000,360000,460000,230000,110000,55000,410000,150000,65000,4560000,3150000
Suíça,2016,689000000000,8210000,1700000,840000,370000,470000,240000,120000,60000,420000,160000,70000,4640000,3200000
Suíça,2017,724000000000,8240000,1750000,860000,380000,480000,250000,130000,65000,430000,170000,75000,4720000,3250000
Suíça,2018,741000000000,8270000,1800000,880000,390000,490000,260000,140000,70000,440000,180000,80000,4800000,3300000
Suíça,2019,776000000000,8300000,1850000,900000,400000,500000,270000,150000,75000,450000,190000,85000,4880000,3350000
Suíça,2020,752000000000,8330000,1900000,920000,410000,510000,280000,160000,80000,460000,200000,90000,4960000,3400000
Suíça,2021,812000000000,8350000,1950000,940000,420000,520000,290000,170000,85000,470000,210000,95000,5040000,3450000
Suíça,2022,878000000000,8380000,2000000,960000,430000,530000,300000,180000,90000,480000,220000,100000,5120000,3500000
Suíça,2023,914000000000,8410000,2050000,980000,440000,540000,310000,190000,95000,490000,230000,105000,5200000,3550000
Suíça,2024,940000000000,8440000,2100000,1000000,450000,550000,320000,200000,100000,500000,240000,110000,5280000,3600000
País de Gales,2014,72000000000,3100000,800000,380000,150000,250000,120000,60000,30000,500000,80000,45000,2605000,1600000
País de Gales,2015,73000000000,3110000,820000,390000,155000,260000,125000,62000,31000,510000,85000,47000,2655000,1650000
País de Gales,2016,74000000000,3120000,840000,400000,160000,270000,130000,64000,32000,520000,90000,49000,2705000,1700000
País de Gales,2017,75000000000,3130000,860000,410000,165000,280000,135000,66000,33000,530000,95000,51000,2755000,1750000
País de Gales,2018,76000000000,3140000,880000,420000,170000,290000,140000,68000,34000,540000,100000,53000,2805000,1800000
País de Gales,2019,77000000000,3150000,900000,430000,175000,300000,145000,70000,35000,550000,105000,55000,2855000,1850000
País de Gales,2020,78000000000,3160000,920000,440000,180000,310000,150000,72000,36000,560000,110000,57000,2905000,1900000
País de Gales,2021,79000000000,3170000,940000,450000,185000,320000,155000,74000,37000,570000,115000,59000,2955000,1950000
País de Gales,2022,80000000000,3180000,960000,460000,190000,330000,160000,76000,38000,580000,120000,61000,3005000,2000000
País de Gales,2023,81000000000,3190000,980000,470000,195000,340000,165000,78000,39000,590000,125000,63000,3055000,2050000
País de Gales,2024,82000000000,3200000,1000000,480000,200000,350000,170000,80000,40000,600000,130000,65000,3105000,2100000
Bangladesh,2014,173000000000,156000000,15000000,3500000,1200000,2200000,950000,500000,300000,2500000,600000,350000,28000000,9000000
Bangladesh,2015,195000000000,158000000,16000000,3600000,1250000,2300000,1000000,520000,320000,2600000,650000,370000,29000000,9500000
Bangladesh,2016,221000000000,160000000,17000000,3700000,1300000,2400000,1050000,540000,340000,2700000,700000,390000,30000000,10000000
Bangladesh,2017,250000000000,162000000,18000000,3800000,1350000,2500000,1100000,560000,360000,2800000,750000,410000,31000000,10500000
Bangladesh,2018,274000000000,164000000,19000000,3900000,1400000,2600000,1150000,580000,380000,2900000,800000,430000,32000000,11000000
Bangladesh,2019,302000000000,166000000,20000000,4000000,1450000,2700000,1200000,600000,400000,3000000,850000,450000,33000000,11500000
Bangladesh,2020,324000000000,168000000,21000000,4100000,1500000,2800000,1250000,620000,420000,3100000,900000,470000,34000000,12000000
Bangladesh,2021,352000000000,170000000,22000000,4200000,1550000,2900000,1300000,640000,440000,3200000,950000,490000,35000000,12500000
Bangladesh,2022,375000000000,172000000,23000000,4300000,1600000,3000000,1350000,660000,460000,3300000,1000000,510000,36000000,13000000
Bangladesh,2023,405000000000,174000000,24000000,4400000,1650000,3100000,1400000,680000,480000,3400000,1050000,530000,37000000,13500000
Bangladesh,2024,430000000000,176000000,25000000,4500000,1700000,3200000,1450000,700000,500000,3500000,1100000,550000,38000000,14000000
Chade,2014,13400000000,14000000,250000,50000,15000,30000,10000,5000,3000,20000,8000,5000,396000,40000
Chade,2015,11800000000,14300000,260000,51000,16000,32000,11000,5200,3200,21000,8500,5200,411000,42000
Chade,2016,10600000000,14600000,270000,52000,17000,34000,12000,5400,3400,22000,9000,5400,426000,44000
Chade,2017,10800000000,14900000,280000,53000,18000,36000,13000,5600,3600,23000,9500,5600,441000,46000
Chade,2018,11400000000,15200000,290000,54000,19000,38000,14000,5800,3800,24000,10000,5800,456000,48000
Chade,2019,11700000000,15500000,300000,55000,20000,40000,15000,6000,4000,25000,10500,6000,471000,50000
Chade,2020,10200000000,15800000,310000,56000,21000,42000,16000,6200,4200,26000,11000,6200,486000,52000
Chade,2021,11400000000,16100000,320000,57000,22000,44000,17000,6400,4400,27000,11500,6400,501000,54000
Chade,2022,13300000000,16400000,330000,58000,23000,46000,18000,6600,4600,28000,12000,6600,516000,56000
Chade,2023,14200000000,16700000,340000,59000,24000,48000,19000,6800,4800,29000,12500,6800,531000,58000
Chade,2024,15400000000,17000000,350000,60000,25000,50000,20000,7000,5000,30000,13000,7000,546000,60000
Kuwait,2014,172000000000,4000000,1800000,500000,250000,450000,200000,80000,60000,500000,120000,70000,3330000,1200000
Kuwait,2015,165000000000,4100000,1850000,510000,260000,460000,210000,82000,62000,510000,125000,72000,3390000,1250000
Kuwait,2016,155000000000,4200000,1900000,520000,270000,470000,220000,84000,64000,520000,130000,74000,3450000,1300000
Kuwait,2017,158000000000,4300000,1950000,530000,280000,480000,230000,86000,66000,530000,135000,76000,3510000,1350000
Kuwait,2018,163000000000,4400000,2000000,540000,290000,490000,240000,88000,68000,540000,140000,78000,3570000,1400000
Kuwait,2019,167000000000,4500000,2050000,550000,300000,500000,250000,90000,70000,550000,145000,80000,3630000,1450000
Kuwait,2020,160000000000,4600000,2100000,560000,310000,510000,260000,92000,72000,560000,150000,82000,3690000,1500000
Kuwait,2021,170000000000,4700000,2150000,570000,320000,520000,270000,94000,74000,570000,155000,84000,3750000,1550000
Kuwait,2022,180000000000,4800000,2200000,580000,330000,530000,280000,96000,76000,580000,160000,86000,3810000,1600000
Kuwait,2023,190000000000,4900000,2250000,590000,340000,540000,290000,98000,78000,590000,165000,88000,3870000,1650000
Kuwait,2024,200000000000,5000000,2300000,600000,350000,550000,300000,100000,80000,600000,170000,90000,3930000,1700000
Paquistão,2014,248500000000,193200000,9000000,1200000,800000,3000000,600000,400000,500000,200000,60000,2300000,600000
Paquistão,2015,262500000000,196700000,9500000,1250000,850000,3100000,620000,420000,550000,220000,65000,2500000,620000
Paquistão,2016,278500000000,200000000,10000000,1300000,900000,3200000,640000,440000,600000,240000,70000,2700000,650000
Paquistão,2017,284500000000,203500000,10500000,1350000,950000,3300000,660000,460000,650000,260000,75000,2900000,670000
Paquistão,2018,303500000000,207000000,11000000,1400000,1000000,3400000,680000,480000,700000,280000,80000,3100000,700000
Paquistão,2019,315000000000,210000000,11500000,1450000,1050000,3500000,700000,500000,750000,300000,85000,3300000,720000
Paquistão,2020,335000000000,213000000,12000000,1500000,1100000,3600000,720000,520000,800000,320000,90000,3500000,750000
Paquistão,2021,355000000000,216000000,12500000,1550000,1150000,3700000,740000,540000,850000,340000,95000,3700000,780000
Paquistão,2022,375000000000,219000000,13000000,1600000,1200000,3800000,760000,560000,900000,360000,100000,3900000,800000
Paquistão,2023,395000000000,222000000,13500000,1650000,1250000,3900000,780000,580000,950000,380000,105000,4100000,820000
Paquistão,2024,415000000000,225000000,14000000,1700000,1300000,4000000,800000,600000,1000000,400000,110000,4300000,840000
Egito,2014,287000000000,86700000,3000000,1500000,600000,1200000,500000,200000,100000,800000,300000,200000,6850000,1000000
Egito,2015,292000000000,87300000,3100000,1550000,610000,1250000,520000,210000,105000,820000,320000,210000,6900000,1050000
Egito,2016,303000000000,88000000,3200000,1600000,620000,1300000,540000,220000,110000,840000,340000,220000,6950000,1100000
Egito,2017,319000000000,88700000,3300000,1650000,630000,1350000,560000,230000,115000,860000,360000,230000,7000000,1150000
Egito,2018,340000000000,89400000,3400000,1700000,640000,1400000,580000,240000,120000,880000,380000,240000,7050000,1200000
Egito,2019,365000000000,90100000,3500000,1750000,650000,1450000,600000,250000,125000,900000,400000,250000,7100000,1250000
Egito,2020,390000000000,90800000,3600000,1800000,660000,1500000,620000,260000,130000,920000,420000,260000,7150000,1300000
Egito,2021,410000000000,91500000,3700000,1850000,670000,1550000,640000,270000,135000,940000,440000,270000,7200000,1350000
Egito,2022,430000000000,92200000,3800000,1900000,680000,1600000,660000,280000,140000,960000,460000,280000,7250000,1400000
Egito,2023,450000000000,92900000,3900000,1950000,690000,1650000,680000,290000,145000,980000,480000,290000,7300000,1450000
Egito,2024,470000000000,93600000,4000000,2000000,700000,1700000,700000,300000,150000,1000000,500000,300000,7350000,1500000
Mali,2014,13800000000,13700000,800000,200000,100000,300000,80000,50000,40000,50000,20000,30000,2100000,300000
Mali,2015,14100000000,14000000,850000,210000,110000,310000,90000,52000,42000,52000,21000,31000,2200000,310000
Mali,2016,14500000000,14300000,900000,220000,120000,320000,100000,54000,44000,54000,22000,32000,2300000,320000
Mali,2017,15000000000,14600000,950000,230000,130000,330000,110000,56000,46000,56000,23000,33000,2400000,330000
Mali,2018,15500000000,14900000,1000000,240000,140000,340000,120000,58000,48000,58000,24000,34000,2500000,340000
Mali,2019,16000000000,15200000,1050000,250000,150000,350000,130000,60000,50000,60000,25000,35000,2600000,350000
Mali,2020,16500000000,15500000,1100000,260000,160000,360000,140000,62000,52000,62000,26000,36000,2700000,360000
Mali,2021,17000000000,15800000,1150000,270000,170000,370000,150000,64000,54000,64000,27000,37000,2800000,370000
Mali,2022,18000000000,16100000,1200000,280000,180000,380000,160000,66000,56000,66000,28000,38000,2900000,380000
Mali,2023,19000000000,16400000,1250000,290000,190000,390000,170000,68000,58000,68000,29000,39000,3000000,390000
Mali,2024,20000000000,16700000,1300000,300000,200000,400000,180000,70000,60000,70000,30000,40000,3100000,400000
Ruanda,2014,10000000000,11900000,600000,150000,80000,120000,50000,30000,20000,25000,10000,15000,1150000,300000
Ruanda,2015,10400000000,12100000,650000,160000,85000,130000,55000,32000,21000,26000,11000,16000,1230000,320000
Ruanda,2016,10900000000,12300000,700000,170000,90000,140000,60000,34000,22000,27000,12000,17000,1300000,340000
Ruanda,2017,11300000000,12500000,750000,180000,95000,150000,65000,36000,23000,28000,13000,18000,1380000,360000
Ruanda,2018,11800000000,12700000,800000,190000,100000,160000,70000,38000,24000,29000,14000,19000,1460000,380000
Ruanda,2019,12300000000,12900000,850000,200000,105000,170000,75000,40000,25000,30000,15000,20000,1540000,400000
Ruanda,2020,13000000000,13100000,900000,210000,110000,180000,80000,42000,26000,31000,16000,21000,1620000,420000
Ruanda,2021,13500000000,13300000,950000,220000,115000,190000,85000,44000,27000,32000,17000,22000,1700000,440000
Ruanda,2022,14000000000,13500000,1000000,230000,120000,200000,90000,46000,28000,33000,18000,23000,1780000,460000
Ruanda,2023,14500000000,13700000,1050000,240000,125000,210000,95000,48000,29000,34000,19000,24000,1860000,480000
Ruanda,2024,15000000000,13900000,1100000,250000,130000,220000,100000,50000,30000,35000,20000,25000,1940000,500000
Emirados Árabes,2014,400000000000,9000000,6000000,2500000,1000000,2000000,800000,300000,500000,400000,200000,150000,12850000,4000000
Emirados Árabes,2015,405000000000,9200000,6100000,2600000,1050000,2100000,820000,310000,520000,410000,210000,160000,13000000,4200000
Emirados Árabes,2016,410000000000,9400000,6200000,2700000,1100000,2200000,840000,320000,540000,420000,220000,170000,13250000,4400000
Emirados Árabes,2017,415000000000,9600000,6300000,2800000,1150000,2300000,860000,330000,560000,430000,230000,180000,13500000,4600000
Emirados Árabes,2018,425000000000,9800000,6400000,2900000,1200000,2400000,880000,340000,580000,440000,240000,190000,13750000,4800000
Emirados Árabes,2019,435000000000,10000000,6500000,3000000,1250000,2500000,900000,350000,600000,450000,250000,200000,14000000,5000000
Emirados Árabes,2020,440000000000,10200000,6600000,3100000,1300000,2600000,920000,360000,620000,460000,260000,210000,14250000,5200000
Emirados Árabes,2021,450000000000,10400000,6700000,3200000,1350000,2700000,940000,370000,640000,470000,270000,220000,14500000,5400000
Emirados Árabes,2022,460000000000,10600000,6800000,3300000,1400000,2800000,960000,380000,660000,480000,280000,230000,14750000,5600000
Emirados Árabes,2023,470000000000,10800000,6900000,3400000,1450000,2900000,980000,390000,680000,490000,290000,240000,15000000,5800000
Emirados Árabes,2024,480000000000,11000000,7000000,3500000,1500000,3000000,1000000,400000,700000,500000,300000,250000,15250000,6000000
Laos,2014,12000000000,6850000,500000,100000,30000,70000,20000,15000,10000,15000,5000,10000,1000000,100000
Laos,2015,12300000000,6900000,520000,110000,32000,72000,21000,16000,11000,16000,6000,12000,1030000,110000
Laos,2016,12600000000,6950000,540000,120000,34000,74000,22000,17000,12000,17000,7000,13000,1060000,120000
Laos,2017,13000000000,7000000,560000,130000,36000,76000,23000,18000,13000,18000,8000,14000,1090000,130000
Laos,2018,13500000000,7050000,580000,140000,38000,78000,24000,19000,14000,19000,9000,15000,1120000,140000
Laos,2019,14000000000,7100000,600000,150000,40000,80000,25000,20000,15000,20000,10000,16000,1150000,150000
Laos,2020,14500000000,7150000,620000,160000,42000,82000,26000,21000,16000,21000,11000,17000,1180000,160000
Laos,2021,15000000000,7200000,640000,170000,44000,84000,27000,22000,17000,22000,12000,18000,1210000,170000
Laos,2022,15500000000,7250000,660000,180000,46000,86000,28000,23000,18000,23000,13000,19000,1240000,180000
Laos,2023,16000000000,7300000,680000,190000,48000,88000,29000,24000,19000,24000,14000,20000,1270000,190000
Laos,2024,16500000000,7350000,700000,200000,50000,90000,30000,25000,20000,25000,15000,21000,1300000,200000
Catar,2014,200000000000,2000000,2500000,600000,300000,800000,400000,200000,150000,100000,80000,50000,5000000,1000000
Catar,2015,205000000000,2050000,2600000,620000,320000,850000,420000,210000,160000,120000,90000,60000,5100000,1100000
Catar,2016,210000000000,2100000,2700000,640000,340000,900000,440000,220000,170000,130000,100000,70000,5200000,1200000
Catar,2017,215000000000,2150000,2800000,660000,360000,950000,460000,230000,180000,140000,110000,80000,5300000,1300000
Catar,2018,220000000000,2200000,2900000,680000,380000,1000000,480000,240000,190000,150000,120000,90000,5400000,1400000
Catar,2019,225000000000,2250000,3000000,700000,400000,1050000,500000,250000,200000,160000,130000,100000,5500000,1500000
Catar,2020,230000000000,2300000,3100000,720000,420000,1100000,520000,260000,210000,170000,140000,110000,5600000,1600000
Catar,2021,235000000000,2350000,3200000,740000,440000,1150000,540000,270000,220000,180000,150000,120000,5700000,1700000
Catar,2022,240000000000,2400000,3300000,760000,460000,1200000,560000,280000,230000,190000,160000,130000,5800000,1800000
Catar,2023,245000000000,2450000,3400000,780000,480000,1250000,580000,290000,240000,200000,170000,140000,5900000,1900000
Catar,2024,250000000000,2500000,3500000,800000,500000,1300000,600000,300000,250000,210000,180000,150000,6000000,2000000
Bolívia,2014,33000000000,10980000,1800000,300000,150000,450000,200000,100000,50000,80000,60000,20000,3290000,800000
Bolívia,2015,34000000000,11050000,1900000,320000,160000,470000,210000,110000,60000,90000,70000,25000,3370000,820000
Bolívia,2016,35000000000,11120000,2000000,340000,170000,490000,220000,120000,70000,100000,80000,30000,3450000,840000
Bolívia,2017,36000000000,11190000,2100000,360000,180000,510000,230000,130000,80000,110000,90000,35000,3530000,860000
Bolívia,2018,37000000000,11260000,2200000,380000,190000,530000,240000,140000,90000,120000,100000,40000,3610000,880000
Bolívia,2019,38000000000,11330000,2300000,400000,200000,550000,250000,150000,100000,130000,110000,45000,3690000,900000
Bolívia,2020,39000000000,11400000,2400000,420000,210000,570000,260000,160000,110000,140000,120000,50000,3770000,920000
Bolívia,2021,40000000000,11470000,2500000,440000,220000,590000,270000,170000,120000,150000,130000,55000,3850000,940000
Bolívia,2022,41000000000,11540000,2600000,460000,230000,610000,280000,180000,130000,160000,140000,60000,3930000,960000
Bolívia,2023,42000000000,11610000,2700000,480000,240000,630000,290000,190000,140000,170000,150000,65000,4010000,980000
Bolívia,2024,43000000000,11680000,2800000,500000,250000,650000,300000,200000,150000,180000,160000,70000,4090000,1000000
Chile,2014,270000000000,17500000,6500000,1300000,600000,1200000,500000,300000,200000,250000,150000,100000,11500000,3000000
Chile,2015,275000000000,17600000,6700000,1350000,620000,1250000,520000,310000,210000,260000,160000,110000,11700000,3200000
Chile,2016,280000000000,17700000,6900000,1400000,640000,1300000,540000,320000,220000,270000,170000,120000,11900000,3400000
Chile,2017,290000000000,17800000,7100000,1450000,660000,1350000,560000,330000,230000,280000,180000,130000,12100000,3600000
Chile,2018,295000000000,17900000,7300000,1500000,680000,1400000,580000,340000,240000,290000,190000,140000,12300000,3800000
Chile,2019,300000000000,18000000,7500000,1550000,700000,1450000,600000,350000,250000,300000,200000,150000,12500000,4000000
Chile,2020,310000000000,18100000,7700000,1600000,720000,1500000,620000,360000,260000,310000,210000,160000,12700000,4200000
Chile,2021,320000000000,18200000,7900000,1650000,740000,1550000,640000,370000,270000,320000,220000,170000,12900000,4400000
Chile,2022,330000000000,18300000,8100000,1700000,760000,1600000,660000,380000,280000,330000,230000,180000,13100000,4600000
Chile,2023,340000000000,18400000,8300000,1750000,780000,1650000,680000,390000,290000,340000,240000,190000,13300000,4800000
Chile,2024,350000000000,18500000,8500000,1800000,800000,1700000,700000,400000,300000,350000,250000,200000,13500000,5000000
Colômbia,2014,378000000000,47400000,8000000,2200000,1100000,4000000,1500000,800000,600000,500000,300000,200000,13400000,3800000
Colômbia,2015,384000000000,47900000,8200000,2300000,1150000,4100000,1600000,820000,620000,520000,320000,210000,13600000,4000000
Colômbia,2016,390000000000,48400000,8400000,2400000,1200000,4200000,1700000,850000,640000,540000,340000,220000,13800000,4200000
Colômbia,2017,398000000000,48900000,8600000,2500000,1250000,4300000,1800000,880000,660000,560000,360000,230000,14000000,4400000
Colômbia,2018,404000000000,49500000,8800000,2600000,1300000,4400000,1900000,900000,680000,580000,380000,240000,14200000,4600000
Colômbia,2019,410000000000,50000000,9000000,2700000,1350000,4500000,2000000,920000,700000,600000,400000,250000,14400000,4800000
Colômbia,2020,420000000000,50500000,9200000,2800000,1400000,4600000,2100000,950000,720000,620000,420000,260000,14600000,5000000
Colômbia,2021,430000000000,51100000,9400000,2900000,1450000,4700000,2200000,980000,740000,640000,440000,270000,14800000,5200000
Colômbia,2022,440000000000,51700000,9600000,3000000,1500000,4800000,2300000,1000000,760000,660000,460000,280000,15000000,5400000
Colômbia,2023,450000000000,52300000,9800000,3100000,1550000,4900000,2400000,1020000,780000,680000,480000,290000,15200000,5600000
Colômbia,2024,460000000000,52900000,10000000,3200000,1600000,5000000,2500000,1050000,800000,700000,500000,300000,15400000,5800000
Equador,2014,100000000000,16100000,3000000,800000,400000,900000,300000,200000,100000,150000,80000,60000,5630000,1200000
Equador,2015,102000000000,16300000,3100000,820000,410000,920000,310000,210000,110000,160000,90000,65000,5720000,1250000
Equador,2016,104000000000,16500000,3200000,840000,420000,940000,320000,220000,120000,170000,100000,70000,5810000,1300000
Equador,2017,106000000000,16700000,3300000,860000,430000,960000,330000,230000,130000,180000,110000,75000,5900000,1350000
Equador,2018,108000000000,16900000,3400000,880000,440000,980000,340000,240000,140000,190000,120000,80000,5990000,1400000
Equador,2019,110000000000,17100000,3500000,900000,450000,1000000,350000,250000,150000,200000,130000,85000,6080000,1450000
Equador,2020,112000000000,17300000,3600000,920000,460000,1020000,360000,260000,160000,210000,140000,90000,6170000,1500000
Equador,2021,114000000000,17500000,3700000,940000,470000,1040000,370000,270000,170000,220000,150000,95000,6260000,1550000
Equador,2022,116000000000,17700000,3800000,960000,480000,1060000,380000,280000,180000,230000,160000,100000,6350000,1600000
Equador,2023,118000000000,17900000,3900000,980000,490000,1080000,390000,290000,190000,240000,170000,105000,6440000,1650000
Equador,2024,120000000000,18100000,4000000,1000000,500000,1100000,400000,300000,200000,250000,180000,110000,6530000,1700000
Paraguai,2014,30000000000,6800000,1000000,400000,150000,600000,250000,100000,50000,50000,30000,20000,2150000,600000
Paraguai,2015,31000000000,6900000,1050000,420000,160000,630000,260000,110000,55000,55000,32000,22000,2250000,620000
Paraguai,2016,32000000000,7000000,1100000,440000,170000,650000,270000,120000,60000,60000,34000,24000,2350000,640000
Paraguai,2017,33000000000,7100000,1150000,460000,180000,670000,280000,130000,65000,65000,36000,26000,2450000,660000
Paraguai,2018,34000000000,7200000,1200000,480000,190000,700000,290000,140000,70000,70000,38000,28000,2550000,680000
Paraguai,2019,35000000000,7300000,1250000,500000,200000,720000,300000,150000,75000,75000,40000,30000,2650000,700000
Paraguai,2020,36000000000,7400000,1300000,520000,210000,740000,310000,160000,80000,80000,42000,32000,2750000,720000
Paraguai,2021,37000000000,7500000,1350000,540000,220000,760000,320000,170000,85000,85000,44000,34000,2850000,740000
Paraguai,2022,38000000000,7600000,1400000,560000,230000,780000,330000,180000,90000,90000,46000,36000,2950000,760000
Paraguai,2023,39000000000,7700000,1450000,580000,240000,800000,340000,190000,95000,95000,48000,38000,3050000,780000
Paraguai,2024,40000000000,7800000,1500000,600000,250000,820000,350000,200000,100000,100000,50000,40000,3150000,800000
Peru,2014,202000000000,30300000,6000000,1500000,800000,2000000,800000,500000,300000,250000,150000,100000,10300000,2500000
Peru,2015,205000000000,30700000,6200000,1600000,850000,2100000,850000,520000,310000,260000,160000,110000,10600000,2600000
Peru,2016,210000000000,31100000,6400000,1700000,900000,2200000,900000,540000,320000,270000,170000,120000,10900000,2700000
Peru,2017,215000000000,31500000,6600000,1800000,950000,2300000,950000,560000,330000,280000,180000,130000,11200000,2800000
Peru,2018,220000000000,31900000,6800000,1900000,1000000,2400000,1000000,580000,340000,290000,190000,140000,11500000,2900000
Peru,2019,225000000000,32300000,7000000,2000000,1050000,2500000,1050000,600000,350000,300000,200000,150000,11800000,3000000
Peru,2020,230000000000,32700000,7200000,2100000,1100000,2600000,1100000,620000,360000,310000,210000,160000,12100000,3100000
Peru,2021,235000000000,33100000,7400000,2200000,1150000,2700000,1150000,640000,370000,320000,220000,170000,12400000,3200000
Peru,2022,240000000000,33500000,7600000,2300000,1200000,2800000,1200000,660000,380000,330000,230000,180000,12700000,3300000
Peru,2023,245000000000,33900000,7800000,2400000,1250000,2900000,1250000,680000,390000,340000,240000,190000,13000000,3400000
Peru,2024,250000000000,34300000,8000000,2500000,1300000,3000000,1300000,700000,400000,350000,250000,200000,13300000,3500000
Uruguai,2014,60000000000,3400000,1500000,350000,200000,400000,150000,100000,50000,40000,30000,20000,2610000,500000
Uruguai,2015,61000000000,3420000,1550000,360000,210000,420000,160000,110000,55000,45000,31000,21000,2670000,520000
Uruguai,2016,62000000000,3440000,1600000,370000,220000,440000,170000,120000,60000,50000,32000,22000,2730000,540000
Uruguai,2017,63000000000,3460000,1650000,380000,230000,460000,180000,130000,65000,55000,33000,23000,2790000,560000
Uruguai,2018,64000000000,3480000,1700000,390000,240000,480000,190000,140000,70000,60000,34000,24000,2850000,580000
Uruguai,2019,65000000000,3500000,1750000,400000,250000,500000,200000,150000,75000,65000,35000,25000,2910000,600000
Uruguai,2020,66000000000,3520000,1800000,410000,260000,520000,210000,160000,80000,70000,36000,26000,2970000,620000
Uruguai,2021,67000000000,3540000,1850000,420000,270000,540000,220000,170000,85000,75000,37000,27000,3030000,640000
Uruguai,2022,68000000000,3560000,1900000,430000,280000,560000,230000,180000,90000,80000,38000,28000,3090000,660000
Uruguai,2023,69000000000,3580000,1950000,440000,290000,580000,240000,190000,95000,85000,39000,29000,3150000,680000
Uruguai,2024,70000000000,3600000,2000000,450000,300000,600000,250000,200000,100000,90000,40000,30000,3210000,700000
Venezuela,2014,350000000000,28700000,10000000,2500000,1200000,3500000,1500000,600000,400000,300000,500000,200000,17950000,3000000
Venezuela,2015,300000000000,29000000,9000000,2400000,1100000,3400000,1400000,550000,380000,280000,450000,190000,17160000,2800000
Venezuela,2016,200000000000,29200000,8500000,2300000,1000000,3200000,1300000,500000,360000,260000,400000,180000,16280000,2500000
Venezuela,2017,150000000000,29400000,8000000,2200000,950000,3000000,1200000,450000,340000,240000,350000,170000,15450000,2300000
Venezuela,2018,120000000000,29500000,7500000,2100000,900000,2800000,1100000,400000,320000,220000,300000,160000,14630000,2100000
Venezuela,2019,100000000000,29600000,7000000,2000000,850000,2600000,1000000,350000,300000,200000,250000,150000,13800000,1900000
Venezuela,2020,75000000000,29700000,6500000,1900000,800000,2400000,900000,300000,280000,180000,200000,140000,13000000,1700000
Venezuela,2021,50000000000,29800000,6000000,1800000,750000,2200000,800000,250000,260000,160000,150000,130000,12200000,1500000
Venezuela,2022,60000000000,29900000,7000000,1900000,800000,2300000,850000,300000,270000,170000,160000,140000,13250000,1600000
Venezuela,2023,70000000000,30000000,8000000,2000000,850000,2400000,900000,350000,280000,180000,170000,150000,14300000,1700000
Venezuela,2024,80000000000,30100000,9000000,2100000,900000,2500000,950000,400000,290000,190000,180000,160000,15350000,1800000
Suriname,2014,5000000000,550000,180000,40000,25000,60000,25000,20000,10000,5000,3000,2000,320000,80000
Suriname,2015,5200000000,560000,185000,42000,26000,62000,26000,21000,11000,5500,3200,2200,328000,82000
Suriname,2016,5400000000,570000,190000,44000,27000,64000,27000,22000,12000,6000,3400,2400,336000,84000
Suriname,2017,5600000000,580000,195000,46000,28000,66000,28000,23000,13000,6500,3600,2600,344000,86000
Suriname,2018,5800000000,590000,200000,48000,29000,68000,29000,24000,14000,7000,3800,2800,352000,88000
Suriname,2019,6000000000,600000,205000,50000,30000,70000,30000,25000,15000,7500,4000,3000,360000,90000
Suriname,2020,6200000000,610000,210000,52000,31000,72000,31000,26000,16000,8000,4200,3200,368000,92000
Suriname,2021,6400000000,620000,215000,54000,32000,74000,32000,27000,17000,8500,4400,3400,376000,94000
Suriname,2022,6600000000,630000,220000,56000,33000,76000,33000,28000,18000,9000,4600,3600,384000,96000
Suriname,2023,6800000000,640000,225000,58000,34000,78000,34000,29000,19000,9500,4800,3800,392000,98000
Suriname,2024,7000000000,650000,230000,60000,35000,80000,35000,30000,20000,10000,5000,4000,400000,100000
Guiana,2014,4000000000,750000,160000,35000,15000,50000,20000,15000,10000,4000,2000,1500,260000,60000
Guiana,2015,4200000000,755000,165000,36000,16000,52000,21000,16000,11000,4500,2200,1600,267000,62000
Guiana,2016,4400000000,760000,170000,37000,17000,54000,22000,17000,12000,5000,2400,1700,274000,64000
Guiana,2017,4600000000,765000,175000,38000,18000,56000,23000,18000,13000,5500,2600,1800,281000,66000
Guiana,2018,4800000000,770000,180000,39000,19000,58000,24000,19000,14000,6000,2800,1900,288000,68000
Guiana,2019,5000000000,775000,185000,40000,20000,60000,25000,20000,15000,6500,3000,2000,295000,70000
Guiana,2020,5200000000,780000,190000,41000,21000,62000,26000,21000,16000,7000,3200,2100,302000,72000
Guiana,2021,5400000000,785000,195000,42000,22000,64000,27000,22000,17000,7500,3400,2200,309000,74000
Guiana,2022,5600000000,790000,200000,43000,23000,66000,28000,23000,18000,8000,3600,2300,316000,76000
Guiana,2023,5800000000,795000,205000,44000,24000,68000,29000,24000,19000,8500,3800,2400,323000,78000
Guiana,2024,6000000000,800000,210000,45000,25000,70000,30000,25000,20000,9000,4000,2500,330000,80000
Índia,2014,1856000000000,1280000000,62000000,24000000,12000000,22000000,10000000,1500000,8000000,1200000,2000000,500000,170000000,30000000
Índia,2015,2039000000000,1295000000,64000000,25000000,12500000,23000000,10500000,1600000,8500000,1300000,2100000,600000,177000000,32000000
Índia,2016,2103000000000,1309000000,66000000,26000000,13000000,24000000,11000000,1700000,9000000,1400000,2200000,700000,185000000,34000000
Índia,2017,2290000000000,1323000000,68000000,27000000,13500000,25000000,11500000,1800000,9500000,1500000,2300000,800000,193000000,36000000
Índia,2018,2432000000000,1338000000,70000000,28000000,14000000,26000000,12000000,1900000,10000000,1600000,2400000,900000,200000000,38000000
Índia,2019,2713000000000,1353000000,72000000,29000000,14500000,27000000,12500000,2000000,10500000,1700000,2500000,1000000,208000000,40000000
Índia,2020,2875000000000,1368000000,74000000,30000000,15000000,28000000,13000000,2100000,11000000,1800000,2600000,1100000,215000000,42000000
Índia,2021,2988000000000,1383000000,76000000,31000000,15500000,29000000,13500000,2200000,11500000,1900000,2700000,1200000,222000000,44000000
Índia,2022,3136000000000,1398000000,78000000,32000000,16000000,30000000,14000000,2300000,12000000,2000000,2800000,1300000,230000000,46000000
Índia,2023,3292000000000,1413000000,80000000,33000000,16500000,31000000,14500000,2400000,12500000,2100000,2900000,1400000,238000000,48000000
Índia,2024,3450000000000,1428000000,82000000,34000000,17000000,32000000,15000000,2500000,13000000,2200000,3000000,1500000,245000000,50000000
Nigéria,2014,568000000000,178000000,11000000,1500000,1200000,8000000,3000000,500000,700000,400000,50000,1500000,23000000,5000000
Nigéria,2015,485000000000,180000000,11500000,1550000,1250000,8500000,3200000,550000,750000,420000,60000,1600000,24000000,5500000
Nigéria,2016,415000000000,182000000,12000000,1600000,1300000,9000000,3500000,600000,800000,450000,70000,1700000,25000000,6000000
Nigéria,2017,450000000000,184000000,12500000,1650000,1350000,9500000,3800000,650000,850000,480000,80000,1800000,26000000,6500000
Nigéria,2018,514000000000,186000000,13000000,1700000,1400000,10000000,4000000,700000,900000,500000,90000,1900000,27000000,7000000
Nigéria,2019,447000000000,188000000,13500000,1750000,1450000,10500000,4200000,750000,950000,520000,100000,2000000,28000000,7500000
Nigéria,2020,395000000000,190000000,14000000,1800000,1500000,11000000,4400000,800000,1000000,550000,110000,2100000,29000000,8000000
Nigéria,2021,480000000000,192000000,14500000,1850000,1550000,11500000,4600000,850000,1050000,580000,120000,2200000,30000000,8500000
Nigéria,2022,505000000000,195000000,15000000,1900000,1600000,12000000,4800000,900000,1100000,600000,130000,2300000,31000000,9000000
Nigéria,2023,525000000000,198000000,15500000,1950000,1650000,12500000,5000000,950000,1150000,620000,140000,2400000,32000000,9500000
Nigéria,2024,545000000000,240000000,16000000,2000000,1700000,13000000,5200000,1000000,1200000,640000,150000,2500000,33000000,10000000
Cazaquistão,2014,210000000000,17500000,4000000,1200000,600000,1500000,800000,300000,200000,300000,50000,150000,7110000,2500000
Cazaquistão,2015,186000000000,17450000,4200000,1300000,620000,1550000,850000,320000,210000,320000,60000,160000,7380000,2600000
Cazaquistão,2016,160000000000,17400000,4400000,1400000,650000,1600000,900000,340000,220000,350000,70000,170000,7640000,2700000
Cazaquistão,2017,185000000000,17550000,4600000,1500000,680000,1650000,950000,360000,230000,370000,80000,180000,7900000,2800000
Cazaquistão,2018,215000000000,17600000,4800000,1600000,700000,1700000,1000000,380000,240000,390000,90000,190000,8170000,2900000
Cazaquistão,2019,215000000000,17700000,5000000,1700000,720000,1750000,1050000,400000,250000,410000,100000,200000,8450000,3000000
Cazaquistão,2020,170000000000,17800000,5200000,1800000,740000,1800000,1100000,420000,260000,430000,110000,210000,8720000,3100000
Cazaquistão,2021,210000000000,18000000,5400000,1900000,760000,1850000,1150000,440000,270000,450000,120000,220000,9000000,3200000
Cazaquistão,2022,230000000000,18200000,5600000,2000000,780000,1900000,1200000,460000,280000,470000,130000,230000,9300000,3300000
Cazaquistão,2023,250000000000,18400000,5800000,2100000,800000,1950000,1250000,480000,290000,490000,140000,240000,9600000,3400000
Cazaquistão,2024,270000000000,18600000,6000000,2200000,820000,2000000,1300000,500000,300000,510000,150000,250000,9900000,3500000
Argélia,2014,210000000000,39200000,5000000,2000000,800000,1500000,600000,400000,250000,50000,80000,1200000,8830000,1500000
Argélia,2015,185000000000,39400000,5200000,2100000,820000,1550000,620000,420000,260000,60000,85000,1250000,8940000,1600000
Argélia,2016,155000000000,39600000,5400000,2200000,840000,1600000,650000,440000,270000,70000,90000,1300000,9050000,1700000
Argélia,2017,165000000000,39800000,5600000,2300000,860000,1650000,670000,460000,280000,80000,95000,1350000,9160000,1800000
Argélia,2018,185000000000,40000000,5800000,2400000,880000,1700000,700000,480000,290000,90000,100000,1400000,9280000,1900000
Argélia,2019,200000000000,40200000,6000000,2500000,900000,1750000,720000,500000,300000,100000,110000,1450000,9400000,2000000
Argélia,2020,150000000000,40400000,6200000,2600000,920000,1800000,740000,520000,310000,110000,120000,1500000,9520000,2100000
Argélia,2021,180000000000,40600000,6400000,2700000,940000,1850000,760000,540000,320000,120000,130000,1550000,9640000,2200000
Argélia,2022,195000000000,40800000,6600000,2800000,960000,1900000,780000,560000,330000,130000,140000,1600000,9760000,2300000
Argélia,2023,210000000000,41000000,6800000,2900000,980000,1950000,800000,580000,340000,140000,150000,1650000,9880000,2400000
Argélia,2024,225000000000,41200000,7000000,3000000,1000000,2000000,820000,600000,350000,150000,160000,1700000,10000000,2500000

